MANDT,MATNR,ERSDA,ERNAM,LAEDA,AENAM,MTART,MBRSH,MATKL,MEINS,BSTME,NTGEW,GEWEI,SPART,PRDHA,LVORM,VPSTA,PSTAT
100,10000,20230101,SAP_MIG,20240101,SAP_MIG,ROH,M,GRP_ROH,UN,UN,363.717,KG,10,MINROH,,KBEV,KVED
100,10001,20230101,SAP_MIG,20240101,SAP_MIG,ROH,M,GRP_ROH,UN,UN,409.492,KG,10,MINROH,,KBEV,KVED
100,10002,20230101,SAP_MIG,20240101,SAP_MIG,ROH,M,GRP_ROH,UN,UN,407.537,KG,10,MINROH,,KBEV,KVED
100,10003,20230101,SAP_MIG,20240101,SAP_MIG,ROH,M,GRP_ROH,UN,UN,118.211,KG,10,MINROH,,KBEV,KVED
100,10004,20230101,SAP_MIG,20240101,SAP_MIG,ROH,M,GRP_ROH,UN,UN,73.307,KG,10,MINROH,,KBEV,KVED
100,10005,20230101,SAP_MIG,20240101,SAP_MIG,ROH,M,GRP_ROH,UN,UN,98.716,KG,10,MINROH,,KBEV,KVED
100,10006,20230101,SAP_MIG,20240101,SAP_MIG,ROH,M,GRP_ROH,UN,UN,301.239,KG,10,MINROH,,KBEV,KVED
100,10007,20230101,SAP_MIG,20240101,SAP_MIG,ROH,M,GRP_ROH,UN,UN,380.132,KG,10,MINROH,,KBEV,KVED
100,10008,20230101,SAP_MIG,20240101,SAP_MIG,ROH,M,GRP_ROH,UN,UN,327.789,KG,10,MINROH,,KBEV,KVED
100,10009,20230101,SAP_MIG,20240101,SAP_MIG,ROH,M,GRP_ROH,UN,UN,88.655,KG,10,MINROH,,KBEV,KVED
100,10010,20230101,SAP_MIG,20240101,SAP_MIG,ROH,M,GRP_ROH,UN,UN,386.447,KG,10,MINROH,,KBEV,KVED
100,10011,20230101,SAP_MIG,20240101,SAP_MIG,ROH,M,GRP_ROH,UN,UN,247.109,KG,10,MINROH,,KBEV,KVED
100,10012,20230101,SAP_MIG,20240101,SAP_MIG,ROH,M,GRP_ROH,UN,UN,377.247,KG,10,MINROH,,KBEV,KVED
100,10013,20230101,SAP_MIG,20240101,SAP_MIG,ROH,M,GRP_ROH,UN,UN,379.963,KG,10,MINROH,,KBEV,KVED
100,10014,20230101,SAP_MIG,20240101,SAP_MIG,ROH,M,GRP_ROH,UN,UN,224.508,KG,10,MINROH,,KBEV,KVED
100,10015,20230101,SAP_MIG,20240101,SAP_MIG,ROH,M,GRP_ROH,UN,UN,462.085,KG,10,MINROH,,KBEV,KVED
100,10016,20230101,SAP_MIG,20240101,SAP_MIG,ROH,M,GRP_ROH,UN,UN,282.289,KG,10,MINROH,,KBEV,KVED
100,10017,20230101,SAP_MIG,20240101,SAP_MIG,ROH,M,GRP_ROH,UN,UN,317.686,KG,10,MINROH,,KBEV,KVED
100,10018,20230101,SAP_MIG,20240101,SAP_MIG,ROH,M,GRP_ROH,UN,UN,312.298,KG,10,MINROH,,KBEV,KVED
100,10019,20230101,SAP_MIG,20240101,SAP_MIG,ROH,M,GRP_ROH,UN,UN,432.137,KG,10,MINROH,,KBEV,KVED
100,10020,20230101,SAP_MIG,20240101,SAP_MIG,ROH,M,GRP_ROH,UN,UN,313.646,KG,10,MINROH,,KBEV,KVED
100,10021,20230101,SAP_MIG,20240101,SAP_MIG,ROH,M,GRP_ROH,UN,UN,75.564,KG,10,MINROH,,KBEV,KVED
100,10022,20230101,SAP_MIG,20240101,SAP_MIG,ROH,M,GRP_ROH,UN,UN,34.236,KG,10,MINROH,,KBEV,KVED
100,10023,20230101,SAP_MIG,20240101,SAP_MIG,ROH,M,GRP_ROH,UN,UN,221.16,KG,10,MINROH,,KBEV,KVED
100,10024,20230101,SAP_MIG,20240101,SAP_MIG,ROH,M,GRP_ROH,UN,UN,151.48,KG,10,MINROH,,KBEV,KVED
100,10025,20230101,SAP_MIG,20240101,SAP_MIG,ROH,M,GRP_ROH,UN,UN,137.409,KG,10,MINROH,,KBEV,KVED
100,10026,20230101,SAP_MIG,20240101,SAP_MIG,ROH,M,GRP_ROH,UN,UN,28.18,KG,10,MINROH,,KBEV,KVED
100,10027,20230101,SAP_MIG,20240101,SAP_MIG,ROH,M,GRP_ROH,UN,UN,253.718,KG,10,MINROH,,KBEV,KVED
100,10028,20230101,SAP_MIG,20240101,SAP_MIG,ROH,M,GRP_ROH,UN,UN,155.273,KG,10,MINROH,,KBEV,KVED
100,10029,20230101,SAP_MIG,20240101,SAP_MIG,ROH,M,GRP_ROH,UN,UN,226.012,KG,10,MINROH,,KBEV,KVED
100,10030,20230101,SAP_MIG,20240101,SAP_MIG,ROH,M,GRP_ROH,UN,UN,28.539,KG,10,MINROH,,KBEV,KVED
100,10031,20230101,SAP_MIG,20240101,SAP_MIG,ROH,M,GRP_ROH,UN,UN,415.865,KG,10,MINROH,,KBEV,KVED
100,10032,20230101,SAP_MIG,20240101,SAP_MIG,ROH,M,GRP_ROH,UN,UN,38.458,KG,10,MINROH,,KBEV,KVED
100,10033,20230101,SAP_MIG,20240101,SAP_MIG,ROH,M,GRP_ROH,UN,UN,432.139,KG,10,MINROH,,KBEV,KVED
100,10034,20230101,SAP_MIG,20240101,SAP_MIG,ROH,M,GRP_ROH,UN,UN,427.661,KG,10,MINROH,,KBEV,KVED
100,10035,20230101,SAP_MIG,20240101,SAP_MIG,ROH,M,GRP_ROH,UN,UN,307.543,KG,10,MINROH,,KBEV,KVED
100,10036,20230101,SAP_MIG,20240101,SAP_MIG,ROH,M,GRP_ROH,UN,UN,253.583,KG,10,MINROH,,KBEV,KVED
100,10037,20230101,SAP_MIG,20240101,SAP_MIG,ROH,M,GRP_ROH,UN,UN,231.41,KG,10,MINROH,,KBEV,KVED
100,10038,20230101,SAP_MIG,20240101,SAP_MIG,ROH,M,GRP_ROH,UN,UN,277.203,KG,10,MINROH,,KBEV,KVED
100,10039,20230101,SAP_MIG,20240101,SAP_MIG,ROH,M,GRP_ROH,UN,UN,395.93,KG,10,MINROH,,KBEV,KVED
100,10040,20230101,SAP_MIG,20240101,SAP_MIG,ROH,M,GRP_ROH,UN,UN,447.949,KG,10,MINROH,,KBEV,KVED
100,10041,20230101,SAP_MIG,20240101,SAP_MIG,ROH,M,GRP_ROH,UN,UN,224.922,KG,10,MINROH,,KBEV,KVED
100,10042,20230101,SAP_MIG,20240101,SAP_MIG,ROH,M,GRP_ROH,UN,UN,404.927,KG,10,MINROH,,KBEV,KVED
100,10043,20230101,SAP_MIG,20240101,SAP_MIG,ROH,M,GRP_ROH,UN,UN,325.954,KG,10,MINROH,,KBEV,KVED
100,10044,20230101,SAP_MIG,20240101,SAP_MIG,ROH,M,GRP_ROH,UN,UN,160.831,KG,10,MINROH,,KBEV,KVED
100,10045,20230101,SAP_MIG,20240101,SAP_MIG,ROH,M,GRP_ROH,UN,UN,237.867,KG,10,MINROH,,KBEV,KVED
100,10046,20230101,SAP_MIG,20240101,SAP_MIG,ROH,M,GRP_ROH,UN,UN,75.515,KG,10,MINROH,,KBEV,KVED
100,10047,20230101,SAP_MIG,20240101,SAP_MIG,ROH,M,GRP_ROH,UN,UN,31.031,KG,10,MINROH,,KBEV,KVED
100,10048,20230101,SAP_MIG,20240101,SAP_MIG,ROH,M,GRP_ROH,UN,UN,51.841,KG,10,MINROH,,KBEV,KVED
100,10049,20230101,SAP_MIG,20240101,SAP_MIG,ROH,M,GRP_ROH,UN,UN,449.574,KG,10,MINROH,,KBEV,KVED
100,10050,20230101,SAP_MIG,20240101,SAP_MIG,ROH,M,GRP_ROH,UN,UN,171.785,KG,10,MINROH,,KBEV,KVED
100,10051,20230101,SAP_MIG,20240101,SAP_MIG,ROH,M,GRP_ROH,UN,UN,357.186,KG,10,MINROH,,KBEV,KVED
100,10052,20230101,SAP_MIG,20240101,SAP_MIG,ROH,M,GRP_ROH,UN,UN,252.324,KG,10,MINROH,,KBEV,KVED
100,10053,20230101,SAP_MIG,20240101,SAP_MIG,ROH,M,GRP_ROH,UN,UN,86.362,KG,10,MINROH,,KBEV,KVED
100,10054,20230101,SAP_MIG,20240101,SAP_MIG,ROH,M,GRP_ROH,UN,UN,123.947,KG,10,MINROH,,KBEV,KVED
100,10055,20230101,SAP_MIG,20240101,SAP_MIG,ROH,M,GRP_ROH,UN,UN,218.935,KG,10,MINROH,,KBEV,KVED
100,10056,20230101,SAP_MIG,20240101,SAP_MIG,ROH,M,GRP_ROH,UN,UN,219.767,KG,10,MINROH,,KBEV,KVED
100,10057,20230101,SAP_MIG,20240101,SAP_MIG,ROH,M,GRP_ROH,UN,UN,261.422,KG,10,MINROH,,KBEV,KVED
100,10058,20230101,SAP_MIG,20240101,SAP_MIG,ROH,M,GRP_ROH,UN,UN,79.457,KG,10,MINROH,,KBEV,KVED
100,10059,20230101,SAP_MIG,20240101,SAP_MIG,ROH,M,GRP_ROH,UN,UN,186.489,KG,10,MINROH,,KBEV,KVED
100,10060,20230101,SAP_MIG,20240101,SAP_MIG,ROH,M,GRP_ROH,UN,UN,141.518,KG,10,MINROH,,KBEV,KVED
100,10061,20230101,SAP_MIG,20240101,SAP_MIG,ROH,M,GRP_ROH,UN,UN,204.444,KG,10,MINROH,,KBEV,KVED
100,10062,20230101,SAP_MIG,20240101,SAP_MIG,ROH,M,GRP_ROH,UN,UN,169.25,KG,10,MINROH,,KBEV,KVED
100,10063,20230101,SAP_MIG,20240101,SAP_MIG,ROH,M,GRP_ROH,UN,UN,298.983,KG,10,MINROH,,KBEV,KVED
100,10064,20230101,SAP_MIG,20240101,SAP_MIG,ROH,M,GRP_ROH,UN,UN,394.635,KG,10,MINROH,,KBEV,KVED
100,10065,20230101,SAP_MIG,20240101,SAP_MIG,ROH,M,GRP_ROH,UN,UN,323.688,KG,10,MINROH,,KBEV,KVED
100,10066,20230101,SAP_MIG,20240101,SAP_MIG,ROH,M,GRP_ROH,UN,UN,33.049,KG,10,MINROH,,KBEV,KVED
100,10067,20230101,SAP_MIG,20240101,SAP_MIG,ROH,M,GRP_ROH,UN,UN,47.344,KG,10,MINROH,,KBEV,KVED
100,10068,20230101,SAP_MIG,20240101,SAP_MIG,ROH,M,GRP_ROH,UN,UN,339.222,KG,10,MINROH,,KBEV,KVED
100,10069,20230101,SAP_MIG,20240101,SAP_MIG,ROH,M,GRP_ROH,UN,UN,142.145,KG,10,MINROH,,KBEV,KVED
100,10070,20230101,SAP_MIG,20240101,SAP_MIG,ROH,M,GRP_ROH,UN,UN,361.894,KG,10,MINROH,,KBEV,KVED
100,10071,20230101,SAP_MIG,20240101,SAP_MIG,ROH,M,GRP_ROH,UN,UN,328.316,KG,10,MINROH,,KBEV,KVED
100,10072,20230101,SAP_MIG,20240101,SAP_MIG,ROH,M,GRP_ROH,UN,UN,453.181,KG,10,MINROH,,KBEV,KVED
100,10073,20230101,SAP_MIG,20240101,SAP_MIG,ROH,M,GRP_ROH,UN,UN,436.653,KG,10,MINROH,,KBEV,KVED
100,10074,20230101,SAP_MIG,20240101,SAP_MIG,ROH,M,GRP_ROH,UN,UN,166.748,KG,10,MINROH,,KBEV,KVED
100,10075,20230101,SAP_MIG,20240101,SAP_MIG,ROH,M,GRP_ROH,UN,UN,291.411,KG,10,MINROH,,KBEV,KVED
100,10076,20230101,SAP_MIG,20240101,SAP_MIG,ROH,M,GRP_ROH,UN,UN,70.8,KG,10,MINROH,,KBEV,KVED
100,10077,20230101,SAP_MIG,20240101,SAP_MIG,ROH,M,GRP_ROH,UN,UN,174.975,KG,10,MINROH,,KBEV,KVED
100,10078,20230101,SAP_MIG,20240101,SAP_MIG,ROH,M,GRP_ROH,UN,UN,483.851,KG,10,MINROH,,KBEV,KVED
100,10079,20230101,SAP_MIG,20240101,SAP_MIG,ROH,M,GRP_ROH,UN,UN,349.27,KG,10,MINROH,,KBEV,KVED
100,10080,20230101,SAP_MIG,20240101,SAP_MIG,ROH,M,GRP_ROH,UN,UN,196.04,KG,10,MINROH,,KBEV,KVED
100,10081,20230101,SAP_MIG,20240101,SAP_MIG,ROH,M,GRP_ROH,UN,UN,297.561,KG,10,MINROH,,KBEV,KVED
100,10082,20230101,SAP_MIG,20240101,SAP_MIG,ROH,M,GRP_ROH,UN,UN,469.007,KG,10,MINROH,,KBEV,KVED
100,10083,20230101,SAP_MIG,20240101,SAP_MIG,ROH,M,GRP_ROH,UN,UN,154.86,KG,10,MINROH,,KBEV,KVED
100,10084,20230101,SAP_MIG,20240101,SAP_MIG,ROH,M,GRP_ROH,UN,UN,188.402,KG,10,MINROH,,KBEV,KVED
100,10085,20230101,SAP_MIG,20240101,SAP_MIG,ROH,M,GRP_ROH,UN,UN,395.852,KG,10,MINROH,,KBEV,KVED
100,10086,20230101,SAP_MIG,20240101,SAP_MIG,ROH,M,GRP_ROH,UN,UN,406.611,KG,10,MINROH,,KBEV,KVED
100,10087,20230101,SAP_MIG,20240101,SAP_MIG,ROH,M,GRP_ROH,UN,UN,335.091,KG,10,MINROH,,KBEV,KVED
100,10088,20230101,SAP_MIG,20240101,SAP_MIG,ROH,M,GRP_ROH,UN,UN,414.497,KG,10,MINROH,,KBEV,KVED
100,10089,20230101,SAP_MIG,20240101,SAP_MIG,ROH,M,GRP_ROH,UN,UN,369.413,KG,10,MINROH,,KBEV,KVED
100,10090,20230101,SAP_MIG,20240101,SAP_MIG,ROH,M,GRP_ROH,UN,UN,342.739,KG,10,MINROH,,KBEV,KVED
100,10091,20230101,SAP_MIG,20240101,SAP_MIG,ROH,M,GRP_ROH,UN,UN,263.244,KG,10,MINROH,,KBEV,KVED
100,10092,20230101,SAP_MIG,20240101,SAP_MIG,ROH,M,GRP_ROH,UN,UN,323.048,KG,10,MINROH,,KBEV,KVED
100,10093,20230101,SAP_MIG,20240101,SAP_MIG,ROH,M,GRP_ROH,UN,UN,211.761,KG,10,MINROH,,KBEV,KVED
100,10094,20230101,SAP_MIG,20240101,SAP_MIG,ROH,M,GRP_ROH,UN,UN,180.978,KG,10,MINROH,,KBEV,KVED
100,10095,20230101,SAP_MIG,20240101,SAP_MIG,ROH,M,GRP_ROH,UN,UN,181.363,KG,10,MINROH,,KBEV,KVED
100,10096,20230101,SAP_MIG,20240101,SAP_MIG,ROH,M,GRP_ROH,UN,UN,90.213,KG,10,MINROH,,KBEV,KVED
100,10097,20230101,SAP_MIG,20240101,SAP_MIG,ROH,M,GRP_ROH,UN,UN,107.175,KG,10,MINROH,,KBEV,KVED
100,10098,20230101,SAP_MIG,20240101,SAP_MIG,ROH,M,GRP_ROH,UN,UN,473.839,KG,10,MINROH,,KBEV,KVED
100,10099,20230101,SAP_MIG,20240101,SAP_MIG,ROH,M,GRP_ROH,UN,UN,243.187,KG,10,MINROH,,KBEV,KVED
100,10100,20230101,SAP_MIG,20240101,SAP_MIG,ROH,M,GRP_ROH,UN,UN,113.349,KG,10,MINROH,,KBEV,KVED
100,10101,20230101,SAP_MIG,20240101,SAP_MIG,ROH,M,GRP_ROH,UN,UN,68.869,KG,10,MINROH,,KBEV,KVED
100,10102,20230101,SAP_MIG,20240101,SAP_MIG,ROH,M,GRP_ROH,UN,UN,38.675,KG,10,MINROH,,KBEV,KVED
100,10103,20230101,SAP_MIG,20240101,SAP_MIG,ROH,M,GRP_ROH,UN,UN,422.23,KG,10,MINROH,,KBEV,KVED
100,10104,20230101,SAP_MIG,20240101,SAP_MIG,ROH,M,GRP_ROH,UN,UN,50.66,KG,10,MINROH,,KBEV,KVED
100,10105,20230101,SAP_MIG,20240101,SAP_MIG,ROH,M,GRP_ROH,UN,UN,385.46,KG,10,MINROH,,KBEV,KVED
100,10106,20230101,SAP_MIG,20240101,SAP_MIG,ROH,M,GRP_ROH,UN,UN,417.576,KG,10,MINROH,,KBEV,KVED
100,10107,20230101,SAP_MIG,20240101,SAP_MIG,ROH,M,GRP_ROH,UN,UN,441.853,KG,10,MINROH,,KBEV,KVED
100,10108,20230101,SAP_MIG,20240101,SAP_MIG,ROH,M,GRP_ROH,UN,UN,18.97,KG,10,MINROH,,KBEV,KVED
100,10109,20230101,SAP_MIG,20240101,SAP_MIG,ROH,M,GRP_ROH,UN,UN,168.449,KG,10,MINROH,,KBEV,KVED
100,10110,20230101,SAP_MIG,20240101,SAP_MIG,ROH,M,GRP_ROH,UN,UN,383.177,KG,10,MINROH,,KBEV,KVED
100,10111,20230101,SAP_MIG,20240101,SAP_MIG,ROH,M,GRP_ROH,UN,UN,65.611,KG,10,MINROH,,KBEV,KVED
100,10112,20230101,SAP_MIG,20240101,SAP_MIG,ROH,M,GRP_ROH,UN,UN,188.422,KG,10,MINROH,,KBEV,KVED
100,10113,20230101,SAP_MIG,20240101,SAP_MIG,ROH,M,GRP_ROH,UN,UN,81.207,KG,10,MINROH,,KBEV,KVED
100,10114,20230101,SAP_MIG,20240101,SAP_MIG,ROH,M,GRP_ROH,UN,UN,415.689,KG,10,MINROH,,KBEV,KVED
100,10115,20230101,SAP_MIG,20240101,SAP_MIG,ROH,M,GRP_ROH,UN,UN,385.572,KG,10,MINROH,,KBEV,KVED
100,10116,20230101,SAP_MIG,20240101,SAP_MIG,ROH,M,GRP_ROH,UN,UN,404.541,KG,10,MINROH,,KBEV,KVED
100,10117,20230101,SAP_MIG,20240101,SAP_MIG,ROH,M,GRP_ROH,UN,UN,82.853,KG,10,MINROH,,KBEV,KVED
100,10118,20230101,SAP_MIG,20240101,SAP_MIG,ROH,M,GRP_ROH,UN,UN,218.893,KG,10,MINROH,,KBEV,KVED
100,10119,20230101,SAP_MIG,20240101,SAP_MIG,ROH,M,GRP_ROH,UN,UN,205.488,KG,10,MINROH,,KBEV,KVED
100,10120,20230101,SAP_MIG,20240101,SAP_MIG,ROH,M,GRP_ROH,UN,UN,338.214,KG,10,MINROH,,KBEV,KVED
100,10121,20230101,SAP_MIG,20240101,SAP_MIG,ROH,M,GRP_ROH,UN,UN,118.841,KG,10,MINROH,,KBEV,KVED
100,10122,20230101,SAP_MIG,20240101,SAP_MIG,ROH,M,GRP_ROH,UN,UN,222.155,KG,10,MINROH,,KBEV,KVED
100,10123,20230101,SAP_MIG,20240101,SAP_MIG,ROH,M,GRP_ROH,UN,UN,142.535,KG,10,MINROH,,KBEV,KVED
100,10124,20230101,SAP_MIG,20240101,SAP_MIG,ROH,M,GRP_ROH,UN,UN,374.293,KG,10,MINROH,,KBEV,KVED
100,10125,20230101,SAP_MIG,20240101,SAP_MIG,ROH,M,GRP_ROH,UN,UN,224.519,KG,10,MINROH,,KBEV,KVED
100,10126,20230101,SAP_MIG,20240101,SAP_MIG,ROH,M,GRP_ROH,UN,UN,267.052,KG,10,MINROH,,KBEV,KVED
100,10127,20230101,SAP_MIG,20240101,SAP_MIG,ROH,M,GRP_ROH,UN,UN,154.803,KG,10,MINROH,,KBEV,KVED
100,10128,20230101,SAP_MIG,20240101,SAP_MIG,ROH,M,GRP_ROH,UN,UN,404.331,KG,10,MINROH,,KBEV,KVED
100,10129,20230101,SAP_MIG,20240101,SAP_MIG,ROH,M,GRP_ROH,UN,UN,234.561,KG,10,MINROH,,KBEV,KVED
100,10130,20230101,SAP_MIG,20240101,SAP_MIG,ROH,M,GRP_ROH,UN,UN,417.573,KG,10,MINROH,,KBEV,KVED
100,10131,20230101,SAP_MIG,20240101,SAP_MIG,ROH,M,GRP_ROH,UN,UN,183.984,KG,10,MINROH,,KBEV,KVED
100,10132,20230101,SAP_MIG,20240101,SAP_MIG,ROH,M,GRP_ROH,UN,UN,473.57,KG,10,MINROH,,KBEV,KVED
100,10133,20230101,SAP_MIG,20240101,SAP_MIG,ROH,M,GRP_ROH,UN,UN,492.221,KG,10,MINROH,,KBEV,KVED
100,10134,20230101,SAP_MIG,20240101,SAP_MIG,ROH,M,GRP_ROH,UN,UN,230.894,KG,10,MINROH,,KBEV,KVED
100,10135,20230101,SAP_MIG,20240101,SAP_MIG,ROH,M,GRP_ROH,UN,UN,140.958,KG,10,MINROH,,KBEV,KVED
100,10136,20230101,SAP_MIG,20240101,SAP_MIG,ROH,M,GRP_ROH,UN,UN,190.998,KG,10,MINROH,,KBEV,KVED
100,10137,20230101,SAP_MIG,20240101,SAP_MIG,ROH,M,GRP_ROH,UN,UN,263.777,KG,10,MINROH,,KBEV,KVED
100,10138,20230101,SAP_MIG,20240101,SAP_MIG,ROH,M,GRP_ROH,UN,UN,483.137,KG,10,MINROH,,KBEV,KVED
100,10139,20230101,SAP_MIG,20240101,SAP_MIG,ROH,M,GRP_ROH,UN,UN,408.464,KG,10,MINROH,,KBEV,KVED
100,10140,20230101,SAP_MIG,20240101,SAP_MIG,ROH,M,GRP_ROH,UN,UN,400.649,KG,10,MINROH,,KBEV,KVED
100,10141,20230101,SAP_MIG,20240101,SAP_MIG,ROH,M,GRP_ROH,UN,UN,69.285,KG,10,MINROH,,KBEV,KVED
100,10142,20230101,SAP_MIG,20240101,SAP_MIG,ROH,M,GRP_ROH,UN,UN,125.077,KG,10,MINROH,,KBEV,KVED
100,10143,20230101,SAP_MIG,20240101,SAP_MIG,ROH,M,GRP_ROH,UN,UN,320.625,KG,10,MINROH,,KBEV,KVED
100,10144,20230101,SAP_MIG,20240101,SAP_MIG,ROH,M,GRP_ROH,UN,UN,437.071,KG,10,MINROH,,KBEV,KVED
100,10145,20230101,SAP_MIG,20240101,SAP_MIG,ROH,M,GRP_ROH,UN,UN,277.315,KG,10,MINROH,,KBEV,KVED
100,10146,20230101,SAP_MIG,20240101,SAP_MIG,ROH,M,GRP_ROH,UN,UN,51.385,KG,10,MINROH,,KBEV,KVED
100,10147,20230101,SAP_MIG,20240101,SAP_MIG,ROH,M,GRP_ROH,UN,UN,422.962,KG,10,MINROH,,KBEV,KVED
100,10148,20230101,SAP_MIG,20240101,SAP_MIG,ROH,M,GRP_ROH,UN,UN,425.598,KG,10,MINROH,,KBEV,KVED
100,10149,20230101,SAP_MIG,20240101,SAP_MIG,ROH,M,GRP_ROH,UN,UN,142.603,KG,10,MINROH,,KBEV,KVED
100,10150,20230101,SAP_MIG,20240101,SAP_MIG,ROH,M,GRP_ROH,UN,UN,381.582,KG,10,MINROH,,KBEV,KVED
100,10151,20230101,SAP_MIG,20240101,SAP_MIG,ROH,M,GRP_ROH,UN,UN,136.468,KG,10,MINROH,,KBEV,KVED
100,10152,20230101,SAP_MIG,20240101,SAP_MIG,ROH,M,GRP_ROH,UN,UN,452.663,KG,10,MINROH,,KBEV,KVED
100,10153,20230101,SAP_MIG,20240101,SAP_MIG,ROH,M,GRP_ROH,UN,UN,73.76,KG,10,MINROH,,KBEV,KVED
100,10154,20230101,SAP_MIG,20240101,SAP_MIG,ROH,M,GRP_ROH,UN,UN,218.793,KG,10,MINROH,,KBEV,KVED
100,10155,20230101,SAP_MIG,20240101,SAP_MIG,ROH,M,GRP_ROH,UN,UN,473.212,KG,10,MINROH,,KBEV,KVED
100,10156,20230101,SAP_MIG,20240101,SAP_MIG,ROH,M,GRP_ROH,UN,UN,111.097,KG,10,MINROH,,KBEV,KVED
100,10157,20230101,SAP_MIG,20240101,SAP_MIG,ROH,M,GRP_ROH,UN,UN,225.619,KG,10,MINROH,,KBEV,KVED
100,10158,20230101,SAP_MIG,20240101,SAP_MIG,ROH,M,GRP_ROH,UN,UN,174.858,KG,10,MINROH,,KBEV,KVED
100,10159,20230101,SAP_MIG,20240101,SAP_MIG,ROH,M,GRP_ROH,UN,UN,13.432,KG,10,MINROH,,KBEV,KVED
100,10160,20230101,SAP_MIG,20240101,SAP_MIG,ROH,M,GRP_ROH,UN,UN,26.723,KG,10,MINROH,,KBEV,KVED
100,10161,20230101,SAP_MIG,20240101,SAP_MIG,ROH,M,GRP_ROH,UN,UN,251.053,KG,10,MINROH,,KBEV,KVED
100,10162,20230101,SAP_MIG,20240101,SAP_MIG,ROH,M,GRP_ROH,UN,UN,117.965,KG,10,MINROH,,KBEV,KVED
100,10163,20230101,SAP_MIG,20240101,SAP_MIG,ROH,M,GRP_ROH,UN,UN,497.263,KG,10,MINROH,,KBEV,KVED
100,10164,20230101,SAP_MIG,20240101,SAP_MIG,ROH,M,GRP_ROH,UN,UN,187.519,KG,10,MINROH,,KBEV,KVED
100,10165,20230101,SAP_MIG,20240101,SAP_MIG,ROH,M,GRP_ROH,UN,UN,14.191,KG,10,MINROH,,KBEV,KVED
100,10166,20230101,SAP_MIG,20240101,SAP_MIG,ROH,M,GRP_ROH,UN,UN,465.42,KG,10,MINROH,,KBEV,KVED
100,10167,20230101,SAP_MIG,20240101,SAP_MIG,ROH,M,GRP_ROH,UN,UN,419.604,KG,10,MINROH,,KBEV,KVED
100,10168,20230101,SAP_MIG,20240101,SAP_MIG,ROH,M,GRP_ROH,UN,UN,325.015,KG,10,MINROH,,KBEV,KVED
100,10169,20230101,SAP_MIG,20240101,SAP_MIG,ROH,M,GRP_ROH,UN,UN,395.711,KG,10,MINROH,,KBEV,KVED
100,10170,20230101,SAP_MIG,20240101,SAP_MIG,ROH,M,GRP_ROH,UN,UN,68.886,KG,10,MINROH,,KBEV,KVED
100,10171,20230101,SAP_MIG,20240101,SAP_MIG,ROH,M,GRP_ROH,UN,UN,143.511,KG,10,MINROH,,KBEV,KVED
100,10172,20230101,SAP_MIG,20240101,SAP_MIG,ROH,M,GRP_ROH,UN,UN,414.898,KG,10,MINROH,,KBEV,KVED
100,10173,20230101,SAP_MIG,20240101,SAP_MIG,ROH,M,GRP_ROH,UN,UN,348.066,KG,10,MINROH,,KBEV,KVED
100,10174,20230101,SAP_MIG,20240101,SAP_MIG,ROH,M,GRP_ROH,UN,UN,69.482,KG,10,MINROH,,KBEV,KVED
100,10175,20230101,SAP_MIG,20240101,SAP_MIG,ROH,M,GRP_ROH,UN,UN,352.798,KG,10,MINROH,,KBEV,KVED
100,10176,20230101,SAP_MIG,20240101,SAP_MIG,ROH,M,GRP_ROH,UN,UN,224.356,KG,10,MINROH,,KBEV,KVED
100,10177,20230101,SAP_MIG,20240101,SAP_MIG,ROH,M,GRP_ROH,UN,UN,2.725,KG,10,MINROH,,KBEV,KVED
100,10178,20230101,SAP_MIG,20240101,SAP_MIG,ROH,M,GRP_ROH,UN,UN,39.705,KG,10,MINROH,,KBEV,KVED
100,10179,20230101,SAP_MIG,20240101,SAP_MIG,ROH,M,GRP_ROH,UN,UN,128.036,KG,10,MINROH,,KBEV,KVED
100,10180,20230101,SAP_MIG,20240101,SAP_MIG,ROH,M,GRP_ROH,UN,UN,417.498,KG,10,MINROH,,KBEV,KVED
100,10181,20230101,SAP_MIG,20240101,SAP_MIG,ROH,M,GRP_ROH,UN,UN,274.447,KG,10,MINROH,,KBEV,KVED
100,10182,20230101,SAP_MIG,20240101,SAP_MIG,ROH,M,GRP_ROH,UN,UN,363.645,KG,10,MINROH,,KBEV,KVED
100,10183,20230101,SAP_MIG,20240101,SAP_MIG,ROH,M,GRP_ROH,UN,UN,263.933,KG,10,MINROH,,KBEV,KVED
100,10184,20230101,SAP_MIG,20240101,SAP_MIG,ROH,M,GRP_ROH,UN,UN,55.682,KG,10,MINROH,,KBEV,KVED
100,10185,20230101,SAP_MIG,20240101,SAP_MIG,ROH,M,GRP_ROH,UN,UN,144.122,KG,10,MINROH,,KBEV,KVED
100,10186,20230101,SAP_MIG,20240101,SAP_MIG,ROH,M,GRP_ROH,UN,UN,150.645,KG,10,MINROH,,KBEV,KVED
100,10187,20230101,SAP_MIG,20240101,SAP_MIG,ROH,M,GRP_ROH,UN,UN,23.97,KG,10,MINROH,,KBEV,KVED
100,10188,20230101,SAP_MIG,20240101,SAP_MIG,ROH,M,GRP_ROH,UN,UN,209.971,KG,10,MINROH,,KBEV,KVED
100,10189,20230101,SAP_MIG,20240101,SAP_MIG,ROH,M,GRP_ROH,UN,UN,396.97,KG,10,MINROH,,KBEV,KVED
100,10190,20230101,SAP_MIG,20240101,SAP_MIG,ROH,M,GRP_ROH,UN,UN,228.611,KG,10,MINROH,,KBEV,KVED
100,10191,20230101,SAP_MIG,20240101,SAP_MIG,ROH,M,GRP_ROH,UN,UN,55.518,KG,10,MINROH,,KBEV,KVED
100,10192,20230101,SAP_MIG,20240101,SAP_MIG,ROH,M,GRP_ROH,UN,UN,452.583,KG,10,MINROH,,KBEV,KVED
100,10193,20230101,SAP_MIG,20240101,SAP_MIG,ROH,M,GRP_ROH,UN,UN,298.41,KG,10,MINROH,,KBEV,KVED
100,10194,20230101,SAP_MIG,20240101,SAP_MIG,ROH,M,GRP_ROH,UN,UN,8.316,KG,10,MINROH,,KBEV,KVED
100,10195,20230101,SAP_MIG,20240101,SAP_MIG,ROH,M,GRP_ROH,UN,UN,257.736,KG,10,MINROH,,KBEV,KVED
100,10196,20230101,SAP_MIG,20240101,SAP_MIG,ROH,M,GRP_ROH,UN,UN,121.045,KG,10,MINROH,,KBEV,KVED
100,10197,20230101,SAP_MIG,20240101,SAP_MIG,ROH,M,GRP_ROH,UN,UN,71.874,KG,10,MINROH,,KBEV,KVED
100,10198,20230101,SAP_MIG,20240101,SAP_MIG,ROH,M,GRP_ROH,UN,UN,214.677,KG,10,MINROH,,KBEV,KVED
100,10199,20230101,SAP_MIG,20240101,SAP_MIG,ROH,M,GRP_ROH,UN,UN,307.443,KG,10,MINROH,,KBEV,KVED
100,10200,20230101,SAP_MIG,20240101,SAP_MIG,ROH,M,GRP_ROH,UN,UN,120.358,KG,10,MINROH,,KBEV,KVED
100,10201,20230101,SAP_MIG,20240101,SAP_MIG,ROH,M,GRP_ROH,UN,UN,208.342,KG,10,MINROH,,KBEV,KVED
100,10202,20230101,SAP_MIG,20240101,SAP_MIG,ROH,M,GRP_ROH,UN,UN,332.219,KG,10,MINROH,,KBEV,KVED
100,10203,20230101,SAP_MIG,20240101,SAP_MIG,ROH,M,GRP_ROH,UN,UN,42.898,KG,10,MINROH,,KBEV,KVED
100,10204,20230101,SAP_MIG,20240101,SAP_MIG,ROH,M,GRP_ROH,UN,UN,487.33,KG,10,MINROH,,KBEV,KVED
100,10205,20230101,SAP_MIG,20240101,SAP_MIG,ROH,M,GRP_ROH,UN,UN,33.933,KG,10,MINROH,,KBEV,KVED
100,10206,20230101,SAP_MIG,20240101,SAP_MIG,ROH,M,GRP_ROH,UN,UN,263.077,KG,10,MINROH,,KBEV,KVED
100,10207,20230101,SAP_MIG,20240101,SAP_MIG,ROH,M,GRP_ROH,UN,UN,253.713,KG,10,MINROH,,KBEV,KVED
100,10208,20230101,SAP_MIG,20240101,SAP_MIG,ROH,M,GRP_ROH,UN,UN,494.167,KG,10,MINROH,,KBEV,KVED
100,10209,20230101,SAP_MIG,20240101,SAP_MIG,ROH,M,GRP_ROH,UN,UN,277.121,KG,10,MINROH,,KBEV,KVED
100,10210,20230101,SAP_MIG,20240101,SAP_MIG,ROH,M,GRP_ROH,UN,UN,195.288,KG,10,MINROH,,KBEV,KVED
100,10211,20230101,SAP_MIG,20240101,SAP_MIG,ROH,M,GRP_ROH,UN,UN,235.121,KG,10,MINROH,,KBEV,KVED
100,10212,20230101,SAP_MIG,20240101,SAP_MIG,ROH,M,GRP_ROH,UN,UN,317.872,KG,10,MINROH,,KBEV,KVED
100,10213,20230101,SAP_MIG,20240101,SAP_MIG,ROH,M,GRP_ROH,UN,UN,490.522,KG,10,MINROH,,KBEV,KVED
100,10214,20230101,SAP_MIG,20240101,SAP_MIG,ROH,M,GRP_ROH,UN,UN,126.9,KG,10,MINROH,,KBEV,KVED
100,10215,20230101,SAP_MIG,20240101,SAP_MIG,ROH,M,GRP_ROH,UN,UN,8.219,KG,10,MINROH,,KBEV,KVED
100,10216,20230101,SAP_MIG,20240101,SAP_MIG,ROH,M,GRP_ROH,UN,UN,394.281,KG,10,MINROH,,KBEV,KVED
100,10217,20230101,SAP_MIG,20240101,SAP_MIG,ROH,M,GRP_ROH,UN,UN,172.467,KG,10,MINROH,,KBEV,KVED
100,10218,20230101,SAP_MIG,20240101,SAP_MIG,ROH,M,GRP_ROH,UN,UN,366.497,KG,10,MINROH,,KBEV,KVED
100,10219,20230101,SAP_MIG,20240101,SAP_MIG,ROH,M,GRP_ROH,UN,UN,314.166,KG,10,MINROH,,KBEV,KVED
100,10220,20230101,SAP_MIG,20240101,SAP_MIG,ROH,M,GRP_ROH,UN,UN,385.774,KG,10,MINROH,,KBEV,KVED
100,10221,20230101,SAP_MIG,20240101,SAP_MIG,ROH,M,GRP_ROH,UN,UN,367.62,KG,10,MINROH,,KBEV,KVED
100,10222,20230101,SAP_MIG,20240101,SAP_MIG,ROH,M,GRP_ROH,UN,UN,166.326,KG,10,MINROH,,KBEV,KVED
100,10223,20230101,SAP_MIG,20240101,SAP_MIG,ROH,M,GRP_ROH,UN,UN,22.263,KG,10,MINROH,,KBEV,KVED
100,10224,20230101,SAP_MIG,20240101,SAP_MIG,ROH,M,GRP_ROH,UN,UN,273.052,KG,10,MINROH,,KBEV,KVED
100,10225,20230101,SAP_MIG,20240101,SAP_MIG,ROH,M,GRP_ROH,UN,UN,406.773,KG,10,MINROH,,KBEV,KVED
100,10226,20230101,SAP_MIG,20240101,SAP_MIG,ROH,M,GRP_ROH,UN,UN,87.627,KG,10,MINROH,,KBEV,KVED
100,10227,20230101,SAP_MIG,20240101,SAP_MIG,ROH,M,GRP_ROH,UN,UN,389.593,KG,10,MINROH,,KBEV,KVED
100,10228,20230101,SAP_MIG,20240101,SAP_MIG,ROH,M,GRP_ROH,UN,UN,232.365,KG,10,MINROH,,KBEV,KVED
100,10229,20230101,SAP_MIG,20240101,SAP_MIG,ROH,M,GRP_ROH,UN,UN,347.725,KG,10,MINROH,,KBEV,KVED
100,10230,20230101,SAP_MIG,20240101,SAP_MIG,ROH,M,GRP_ROH,UN,UN,315.905,KG,10,MINROH,,KBEV,KVED
100,10231,20230101,SAP_MIG,20240101,SAP_MIG,ROH,M,GRP_ROH,UN,UN,405.768,KG,10,MINROH,,KBEV,KVED
100,10232,20230101,SAP_MIG,20240101,SAP_MIG,ROH,M,GRP_ROH,UN,UN,31.644,KG,10,MINROH,,KBEV,KVED
100,10233,20230101,SAP_MIG,20240101,SAP_MIG,ROH,M,GRP_ROH,UN,UN,388.118,KG,10,MINROH,,KBEV,KVED
100,10234,20230101,SAP_MIG,20240101,SAP_MIG,ROH,M,GRP_ROH,UN,UN,228.894,KG,10,MINROH,,KBEV,KVED
100,10235,20230101,SAP_MIG,20240101,SAP_MIG,ROH,M,GRP_ROH,UN,UN,146.792,KG,10,MINROH,,KBEV,KVED
100,10236,20230101,SAP_MIG,20240101,SAP_MIG,ROH,M,GRP_ROH,UN,UN,21.999,KG,10,MINROH,,KBEV,KVED
100,10237,20230101,SAP_MIG,20240101,SAP_MIG,ROH,M,GRP_ROH,UN,UN,99.815,KG,10,MINROH,,KBEV,KVED
100,10238,20230101,SAP_MIG,20240101,SAP_MIG,ROH,M,GRP_ROH,UN,UN,21.049,KG,10,MINROH,,KBEV,KVED
100,10239,20230101,SAP_MIG,20240101,SAP_MIG,ROH,M,GRP_ROH,UN,UN,466.692,KG,10,MINROH,,KBEV,KVED
100,10240,20230101,SAP_MIG,20240101,SAP_MIG,ROH,M,GRP_ROH,UN,UN,257.74,KG,10,MINROH,,KBEV,KVED
100,10241,20230101,SAP_MIG,20240101,SAP_MIG,ROH,M,GRP_ROH,UN,UN,494.562,KG,10,MINROH,,KBEV,KVED
100,10242,20230101,SAP_MIG,20240101,SAP_MIG,ROH,M,GRP_ROH,UN,UN,271.561,KG,10,MINROH,,KBEV,KVED
100,10243,20230101,SAP_MIG,20240101,SAP_MIG,ROH,M,GRP_ROH,UN,UN,126.732,KG,10,MINROH,,KBEV,KVED
100,10244,20230101,SAP_MIG,20240101,SAP_MIG,ROH,M,GRP_ROH,UN,UN,376.67,KG,10,MINROH,,KBEV,KVED
100,10245,20230101,SAP_MIG,20240101,SAP_MIG,ROH,M,GRP_ROH,UN,UN,95.633,KG,10,MINROH,,KBEV,KVED
100,10246,20230101,SAP_MIG,20240101,SAP_MIG,ROH,M,GRP_ROH,UN,UN,178.551,KG,10,MINROH,,KBEV,KVED
100,10247,20230101,SAP_MIG,20240101,SAP_MIG,ROH,M,GRP_ROH,UN,UN,390.443,KG,10,MINROH,,KBEV,KVED
100,10248,20230101,SAP_MIG,20240101,SAP_MIG,ROH,M,GRP_ROH,UN,UN,432.913,KG,10,MINROH,,KBEV,KVED
100,10249,20230101,SAP_MIG,20240101,SAP_MIG,ROH,M,GRP_ROH,UN,UN,166.029,KG,10,MINROH,,KBEV,KVED
100,10250,20230101,SAP_MIG,20240101,SAP_MIG,ROH,M,GRP_ROH,UN,UN,62.325,KG,10,MINROH,,KBEV,KVED
100,10251,20230101,SAP_MIG,20240101,SAP_MIG,ROH,M,GRP_ROH,UN,UN,184.073,KG,10,MINROH,,KBEV,KVED
100,10252,20230101,SAP_MIG,20240101,SAP_MIG,ROH,M,GRP_ROH,UN,UN,444.754,KG,10,MINROH,,KBEV,KVED
100,10253,20230101,SAP_MIG,20240101,SAP_MIG,ROH,M,GRP_ROH,UN,UN,371.68,KG,10,MINROH,,KBEV,KVED
100,10254,20230101,SAP_MIG,20240101,SAP_MIG,ROH,M,GRP_ROH,UN,UN,447.329,KG,10,MINROH,,KBEV,KVED
100,10255,20230101,SAP_MIG,20240101,SAP_MIG,ROH,M,GRP_ROH,UN,UN,193.384,KG,10,MINROH,,KBEV,KVED
100,10256,20230101,SAP_MIG,20240101,SAP_MIG,ROH,M,GRP_ROH,UN,UN,486.864,KG,10,MINROH,,KBEV,KVED
100,10257,20230101,SAP_MIG,20240101,SAP_MIG,ROH,M,GRP_ROH,UN,UN,248.152,KG,10,MINROH,,KBEV,KVED
100,10258,20230101,SAP_MIG,20240101,SAP_MIG,ROH,M,GRP_ROH,UN,UN,248.812,KG,10,MINROH,,KBEV,KVED
100,10259,20230101,SAP_MIG,20240101,SAP_MIG,ROH,M,GRP_ROH,UN,UN,462.163,KG,10,MINROH,,KBEV,KVED
100,10260,20230101,SAP_MIG,20240101,SAP_MIG,ROH,M,GRP_ROH,UN,UN,259.686,KG,10,MINROH,,KBEV,KVED
100,10261,20230101,SAP_MIG,20240101,SAP_MIG,ROH,M,GRP_ROH,UN,UN,400.594,KG,10,MINROH,,KBEV,KVED
100,10262,20230101,SAP_MIG,20240101,SAP_MIG,ROH,M,GRP_ROH,UN,UN,363.568,KG,10,MINROH,,KBEV,KVED
100,10263,20230101,SAP_MIG,20240101,SAP_MIG,ROH,M,GRP_ROH,UN,UN,39.556,KG,10,MINROH,,KBEV,KVED
100,10264,20230101,SAP_MIG,20240101,SAP_MIG,ROH,M,GRP_ROH,UN,UN,301.266,KG,10,MINROH,,KBEV,KVED
100,10265,20230101,SAP_MIG,20240101,SAP_MIG,ROH,M,GRP_ROH,UN,UN,411.188,KG,10,MINROH,,KBEV,KVED
100,10266,20230101,SAP_MIG,20240101,SAP_MIG,ROH,M,GRP_ROH,UN,UN,272.783,KG,10,MINROH,,KBEV,KVED
100,10267,20230101,SAP_MIG,20240101,SAP_MIG,ROH,M,GRP_ROH,UN,UN,160.674,KG,10,MINROH,,KBEV,KVED
100,10268,20230101,SAP_MIG,20240101,SAP_MIG,ROH,M,GRP_ROH,UN,UN,40.126,KG,10,MINROH,,KBEV,KVED
100,10269,20230101,SAP_MIG,20240101,SAP_MIG,ROH,M,GRP_ROH,UN,UN,330.494,KG,10,MINROH,,KBEV,KVED
100,10270,20230101,SAP_MIG,20240101,SAP_MIG,ROH,M,GRP_ROH,UN,UN,153.317,KG,10,MINROH,,KBEV,KVED
100,10271,20230101,SAP_MIG,20240101,SAP_MIG,ROH,M,GRP_ROH,UN,UN,301.351,KG,10,MINROH,,KBEV,KVED
100,10272,20230101,SAP_MIG,20240101,SAP_MIG,ROH,M,GRP_ROH,UN,UN,213.115,KG,10,MINROH,,KBEV,KVED
100,10273,20230101,SAP_MIG,20240101,SAP_MIG,ROH,M,GRP_ROH,UN,UN,344.913,KG,10,MINROH,,KBEV,KVED
100,10274,20230101,SAP_MIG,20240101,SAP_MIG,ROH,M,GRP_ROH,UN,UN,175.838,KG,10,MINROH,,KBEV,KVED
100,10275,20230101,SAP_MIG,20240101,SAP_MIG,ROH,M,GRP_ROH,UN,UN,21.273,KG,10,MINROH,,KBEV,KVED
100,10276,20230101,SAP_MIG,20240101,SAP_MIG,ROH,M,GRP_ROH,UN,UN,435.032,KG,10,MINROH,,KBEV,KVED
100,10277,20230101,SAP_MIG,20240101,SAP_MIG,ROH,M,GRP_ROH,UN,UN,176.344,KG,10,MINROH,,KBEV,KVED
100,10278,20230101,SAP_MIG,20240101,SAP_MIG,ROH,M,GRP_ROH,UN,UN,499.075,KG,10,MINROH,,KBEV,KVED
100,10279,20230101,SAP_MIG,20240101,SAP_MIG,ROH,M,GRP_ROH,UN,UN,137.35,KG,10,MINROH,,KBEV,KVED
100,10280,20230101,SAP_MIG,20240101,SAP_MIG,ROH,M,GRP_ROH,UN,UN,490.016,KG,10,MINROH,,KBEV,KVED
100,10281,20230101,SAP_MIG,20240101,SAP_MIG,ROH,M,GRP_ROH,UN,UN,473.957,KG,10,MINROH,,KBEV,KVED
100,10282,20230101,SAP_MIG,20240101,SAP_MIG,ROH,M,GRP_ROH,UN,UN,37.613,KG,10,MINROH,,KBEV,KVED
100,10283,20230101,SAP_MIG,20240101,SAP_MIG,ROH,M,GRP_ROH,UN,UN,318.793,KG,10,MINROH,,KBEV,KVED
100,10284,20230101,SAP_MIG,20240101,SAP_MIG,ROH,M,GRP_ROH,UN,UN,181.719,KG,10,MINROH,,KBEV,KVED
100,10285,20230101,SAP_MIG,20240101,SAP_MIG,ROH,M,GRP_ROH,UN,UN,400.568,KG,10,MINROH,,KBEV,KVED
100,10286,20230101,SAP_MIG,20240101,SAP_MIG,ROH,M,GRP_ROH,UN,UN,339.737,KG,10,MINROH,,KBEV,KVED
100,10287,20230101,SAP_MIG,20240101,SAP_MIG,ROH,M,GRP_ROH,UN,UN,476.399,KG,10,MINROH,,KBEV,KVED
100,10288,20230101,SAP_MIG,20240101,SAP_MIG,ROH,M,GRP_ROH,UN,UN,71.475,KG,10,MINROH,,KBEV,KVED
100,10289,20230101,SAP_MIG,20240101,SAP_MIG,ROH,M,GRP_ROH,UN,UN,303.826,KG,10,MINROH,,KBEV,KVED
100,10290,20230101,SAP_MIG,20240101,SAP_MIG,ROH,M,GRP_ROH,UN,UN,390.678,KG,10,MINROH,,KBEV,KVED
100,10291,20230101,SAP_MIG,20240101,SAP_MIG,ROH,M,GRP_ROH,UN,UN,17.496,KG,10,MINROH,,KBEV,KVED
100,10292,20230101,SAP_MIG,20240101,SAP_MIG,ROH,M,GRP_ROH,UN,UN,33.71,KG,10,MINROH,,KBEV,KVED
100,10293,20230101,SAP_MIG,20240101,SAP_MIG,ROH,M,GRP_ROH,UN,UN,389.28,KG,10,MINROH,,KBEV,KVED
100,10294,20230101,SAP_MIG,20240101,SAP_MIG,ROH,M,GRP_ROH,UN,UN,183.228,KG,10,MINROH,,KBEV,KVED
100,10295,20230101,SAP_MIG,20240101,SAP_MIG,ROH,M,GRP_ROH,UN,UN,191.489,KG,10,MINROH,,KBEV,KVED
100,10296,20230101,SAP_MIG,20240101,SAP_MIG,ROH,M,GRP_ROH,UN,UN,283.666,KG,10,MINROH,,KBEV,KVED
100,10297,20230101,SAP_MIG,20240101,SAP_MIG,ROH,M,GRP_ROH,UN,UN,302.587,KG,10,MINROH,,KBEV,KVED
100,10298,20230101,SAP_MIG,20240101,SAP_MIG,ROH,M,GRP_ROH,UN,UN,339.563,KG,10,MINROH,,KBEV,KVED
100,10299,20230101,SAP_MIG,20240101,SAP_MIG,ROH,M,GRP_ROH,UN,UN,474.417,KG,10,MINROH,,KBEV,KVED
100,50000,20230101,SAP_MIG,20240101,SAP_MIG,FERT,M,GRP_FERT,TON,TON,186.069,KG,10,MINFERT,,KBEV,KVED
100,50001,20230101,SAP_MIG,20240101,SAP_MIG,FERT,M,GRP_FERT,TON,TON,381.566,KG,10,MINFERT,,KBEV,KVED
100,50002,20230101,SAP_MIG,20240101,SAP_MIG,FERT,M,GRP_FERT,TON,TON,287.003,KG,10,MINFERT,,KBEV,KVED
100,50003,20230101,SAP_MIG,20240101,SAP_MIG,FERT,M,GRP_FERT,TON,TON,264.777,KG,10,MINFERT,,KBEV,KVED
100,50004,20230101,SAP_MIG,20240101,SAP_MIG,FERT,M,GRP_FERT,TON,TON,199.077,KG,10,MINFERT,,KBEV,KVED
100,50005,20230101,SAP_MIG,20240101,SAP_MIG,FERT,M,GRP_FERT,TON,TON,324.815,KG,10,MINFERT,,KBEV,KVED
100,50006,20230101,SAP_MIG,20240101,SAP_MIG,FERT,M,GRP_FERT,TON,TON,124.881,KG,10,MINFERT,,KBEV,KVED
100,50007,20230101,SAP_MIG,20240101,SAP_MIG,FERT,M,GRP_FERT,TON,TON,56.813,KG,10,MINFERT,,KBEV,KVED
100,50008,20230101,SAP_MIG,20240101,SAP_MIG,FERT,M,GRP_FERT,TON,TON,367.864,KG,10,MINFERT,,KBEV,KVED
100,50009,20230101,SAP_MIG,20240101,SAP_MIG,FERT,M,GRP_FERT,TON,TON,249.572,KG,10,MINFERT,,KBEV,KVED
100,80000,20230101,SAP_MIG,20240101,SAP_MIG,DIEN,M,GRP_DIEN,AU,AU,0,,10,MINDIEN,,KBEV,KVED
100,80001,20230101,SAP_MIG,20240101,SAP_MIG,DIEN,M,GRP_DIEN,AU,AU,0,,10,MINDIEN,,KBEV,KVED
100,80002,20230101,SAP_MIG,20240101,SAP_MIG,DIEN,M,GRP_DIEN,AU,AU,0,,10,MINDIEN,,KBEV,KVED
100,80003,20230101,SAP_MIG,20240101,SAP_MIG,DIEN,M,GRP_DIEN,AU,AU,0,,10,MINDIEN,,KBEV,KVED
100,80004,20230101,SAP_MIG,20240101,SAP_MIG,DIEN,M,GRP_DIEN,AU,AU,0,,10,MINDIEN,,KBEV,KVED
100,80005,20230101,SAP_MIG,20240101,SAP_MIG,DIEN,M,GRP_DIEN,AU,AU,0,,10,MINDIEN,,KBEV,KVED
100,80006,20230101,SAP_MIG,20240101,SAP_MIG,DIEN,M,GRP_DIEN,AU,AU,0,,10,MINDIEN,,KBEV,KVED
100,80007,20230101,SAP_MIG,20240101,SAP_MIG,DIEN,M,GRP_DIEN,AU,AU,0,,10,MINDIEN,,KBEV,KVED
100,80008,20230101,SAP_MIG,20240101,SAP_MIG,DIEN,M,GRP_DIEN,AU,AU,0,,10,MINDIEN,,KBEV,KVED
100,80009,20230101,SAP_MIG,20240101,SAP_MIG,DIEN,M,GRP_DIEN,AU,AU,0,,10,MINDIEN,,KBEV,KVED
100,80010,20230101,SAP_MIG,20240101,SAP_MIG,DIEN,M,GRP_DIEN,AU,AU,0,,10,MINDIEN,,KBEV,KVED
100,80011,20230101,SAP_MIG,20240101,SAP_MIG,DIEN,M,GRP_DIEN,AU,AU,0,,10,MINDIEN,,KBEV,KVED
100,80012,20230101,SAP_MIG,20240101,SAP_MIG,DIEN,M,GRP_DIEN,AU,AU,0,,10,MINDIEN,,KBEV,KVED
100,80013,20230101,SAP_MIG,20240101,SAP_MIG,DIEN,M,GRP_DIEN,AU,AU,0,,10,MINDIEN,,KBEV,KVED
100,80014,20230101,SAP_MIG,20240101,SAP_MIG,DIEN,M,GRP_DIEN,AU,AU,0,,10,MINDIEN,,KBEV,KVED
100,80015,20230101,SAP_MIG,20240101,SAP_MIG,DIEN,M,GRP_DIEN,AU,AU,0,,10,MINDIEN,,KBEV,KVED
100,80016,20230101,SAP_MIG,20240101,SAP_MIG,DIEN,M,GRP_DIEN,AU,AU,0,,10,MINDIEN,,KBEV,KVED
100,80017,20230101,SAP_MIG,20240101,SAP_MIG,DIEN,M,GRP_DIEN,AU,AU,0,,10,MINDIEN,,KBEV,KVED
100,80018,20230101,SAP_MIG,20240101,SAP_MIG,DIEN,M,GRP_DIEN,AU,AU,0,,10,MINDIEN,,KBEV,KVED
100,80019,20230101,SAP_MIG,20240101,SAP_MIG,DIEN,M,GRP_DIEN,AU,AU,0,,10,MINDIEN,,KBEV,KVED
100,80020,20230101,SAP_MIG,20240101,SAP_MIG,DIEN,M,GRP_DIEN,AU,AU,0,,10,MINDIEN,,KBEV,KVED
100,80021,20230101,SAP_MIG,20240101,SAP_MIG,DIEN,M,GRP_DIEN,AU,AU,0,,10,MINDIEN,,KBEV,KVED
100,80022,20230101,SAP_MIG,20240101,SAP_MIG,DIEN,M,GRP_DIEN,AU,AU,0,,10,MINDIEN,,KBEV,KVED
100,80023,20230101,SAP_MIG,20240101,SAP_MIG,DIEN,M,GRP_DIEN,AU,AU,0,,10,MINDIEN,,KBEV,KVED
100,80024,20230101,SAP_MIG,20240101,SAP_MIG,DIEN,M,GRP_DIEN,AU,AU,0,,10,MINDIEN,,KBEV,KVED
100,80025,20230101,SAP_MIG,20240101,SAP_MIG,DIEN,M,GRP_DIEN,AU,AU,0,,10,MINDIEN,,KBEV,KVED
100,80026,20230101,SAP_MIG,20240101,SAP_MIG,DIEN,M,GRP_DIEN,AU,AU,0,,10,MINDIEN,,KBEV,KVED
100,80027,20230101,SAP_MIG,20240101,SAP_MIG,DIEN,M,GRP_DIEN,AU,AU,0,,10,MINDIEN,,KBEV,KVED
100,80028,20230101,SAP_MIG,20240101,SAP_MIG,DIEN,M,GRP_DIEN,AU,AU,0,,10,MINDIEN,,KBEV,KVED
100,80029,20230101,SAP_MIG,20240101,SAP_MIG,DIEN,M,GRP_DIEN,AU,AU,0,,10,MINDIEN,,KBEV,KVED
100,80030,20230101,SAP_MIG,20240101,SAP_MIG,DIEN,M,GRP_DIEN,AU,AU,0,,10,MINDIEN,,KBEV,KVED
100,80031,20230101,SAP_MIG,20240101,SAP_MIG,DIEN,M,GRP_DIEN,AU,AU,0,,10,MINDIEN,,KBEV,KVED
100,80032,20230101,SAP_MIG,20240101,SAP_MIG,DIEN,M,GRP_DIEN,AU,AU,0,,10,MINDIEN,,KBEV,KVED
100,80033,20230101,SAP_MIG,20240101,SAP_MIG,DIEN,M,GRP_DIEN,AU,AU,0,,10,MINDIEN,,KBEV,KVED
100,80034,20230101,SAP_MIG,20240101,SAP_MIG,DIEN,M,GRP_DIEN,AU,AU,0,,10,MINDIEN,,KBEV,KVED
100,80035,20230101,SAP_MIG,20240101,SAP_MIG,DIEN,M,GRP_DIEN,AU,AU,0,,10,MINDIEN,,KBEV,KVED
100,80036,20230101,SAP_MIG,20240101,SAP_MIG,DIEN,M,GRP_DIEN,AU,AU,0,,10,MINDIEN,,KBEV,KVED
100,80037,20230101,SAP_MIG,20240101,SAP_MIG,DIEN,M,GRP_DIEN,AU,AU,0,,10,MINDIEN,,KBEV,KVED
100,80038,20230101,SAP_MIG,20240101,SAP_MIG,DIEN,M,GRP_DIEN,AU,AU,0,,10,MINDIEN,,KBEV,KVED
100,80039,20230101,SAP_MIG,20240101,SAP_MIG,DIEN,M,GRP_DIEN,AU,AU,0,,10,MINDIEN,,KBEV,KVED
100,80040,20230101,SAP_MIG,20240101,SAP_MIG,DIEN,M,GRP_DIEN,AU,AU,0,,10,MINDIEN,,KBEV,KVED
100,80041,20230101,SAP_MIG,20240101,SAP_MIG,DIEN,M,GRP_DIEN,AU,AU,0,,10,MINDIEN,,KBEV,KVED
100,80042,20230101,SAP_MIG,20240101,SAP_MIG,DIEN,M,GRP_DIEN,AU,AU,0,,10,MINDIEN,,KBEV,KVED
100,80043,20230101,SAP_MIG,20240101,SAP_MIG,DIEN,M,GRP_DIEN,AU,AU,0,,10,MINDIEN,,KBEV,KVED
100,80044,20230101,SAP_MIG,20240101,SAP_MIG,DIEN,M,GRP_DIEN,AU,AU,0,,10,MINDIEN,,KBEV,KVED
100,80045,20230101,SAP_MIG,20240101,SAP_MIG,DIEN,M,GRP_DIEN,AU,AU,0,,10,MINDIEN,,KBEV,KVED
100,80046,20230101,SAP_MIG,20240101,SAP_MIG,DIEN,M,GRP_DIEN,AU,AU,0,,10,MINDIEN,,KBEV,KVED
100,80047,20230101,SAP_MIG,20240101,SAP_MIG,DIEN,M,GRP_DIEN,AU,AU,0,,10,MINDIEN,,KBEV,KVED
100,80048,20230101,SAP_MIG,20240101,SAP_MIG,DIEN,M,GRP_DIEN,AU,AU,0,,10,MINDIEN,,KBEV,KVED
100,80049,20230101,SAP_MIG,20240101,SAP_MIG,DIEN,M,GRP_DIEN,AU,AU,0,,10,MINDIEN,,KBEV,KVED
100,30000,20230101,SAP_MIG,20240101,SAP_MIG,HIBE,M,GRP_HIBE,L,L,193.555,KG,10,MINHIBE,,KBEV,KVED
100,30001,20230101,SAP_MIG,20240101,SAP_MIG,HIBE,M,GRP_HIBE,L,L,280.88,KG,10,MINHIBE,,KBEV,KVED
100,30002,20230101,SAP_MIG,20240101,SAP_MIG,HIBE,M,GRP_HIBE,L,L,130.962,KG,10,MINHIBE,,KBEV,KVED
100,30003,20230101,SAP_MIG,20240101,SAP_MIG,HIBE,M,GRP_HIBE,L,L,130.219,KG,10,MINHIBE,,KBEV,KVED
100,30004,20230101,SAP_MIG,20240101,SAP_MIG,HIBE,M,GRP_HIBE,L,L,223.192,KG,10,MINHIBE,,KBEV,KVED
100,30005,20230101,SAP_MIG,20240101,SAP_MIG,HIBE,M,GRP_HIBE,L,L,498.183,KG,10,MINHIBE,,KBEV,KVED
100,30006,20230101,SAP_MIG,20240101,SAP_MIG,HIBE,M,GRP_HIBE,L,L,142.86,KG,10,MINHIBE,,KBEV,KVED
100,30007,20230101,SAP_MIG,20240101,SAP_MIG,HIBE,M,GRP_HIBE,L,L,458.248,KG,10,MINHIBE,,KBEV,KVED
100,30008,20230101,SAP_MIG,20240101,SAP_MIG,HIBE,M,GRP_HIBE,L,L,245.651,KG,10,MINHIBE,,KBEV,KVED
100,30009,20230101,SAP_MIG,20240101,SAP_MIG,HIBE,M,GRP_HIBE,L,L,61.406,KG,10,MINHIBE,,KBEV,KVED
100,30010,20230101,SAP_MIG,20240101,SAP_MIG,HIBE,M,GRP_HIBE,L,L,426.428,KG,10,MINHIBE,,KBEV,KVED
100,30011,20230101,SAP_MIG,20240101,SAP_MIG,HIBE,M,GRP_HIBE,L,L,226.076,KG,10,MINHIBE,,KBEV,KVED
100,30012,20230101,SAP_MIG,20240101,SAP_MIG,HIBE,M,GRP_HIBE,L,L,449.35,KG,10,MINHIBE,,KBEV,KVED
100,30013,20230101,SAP_MIG,20240101,SAP_MIG,HIBE,M,GRP_HIBE,L,L,222.611,KG,10,MINHIBE,,KBEV,KVED
100,30014,20230101,SAP_MIG,20240101,SAP_MIG,HIBE,M,GRP_HIBE,L,L,43.987,KG,10,MINHIBE,,KBEV,KVED
100,30015,20230101,SAP_MIG,20240101,SAP_MIG,HIBE,M,GRP_HIBE,L,L,340.996,KG,10,MINHIBE,,KBEV,KVED
100,30016,20230101,SAP_MIG,20240101,SAP_MIG,HIBE,M,GRP_HIBE,L,L,422.776,KG,10,MINHIBE,,KBEV,KVED
100,30017,20230101,SAP_MIG,20240101,SAP_MIG,HIBE,M,GRP_HIBE,L,L,159.862,KG,10,MINHIBE,,KBEV,KVED
100,30018,20230101,SAP_MIG,20240101,SAP_MIG,HIBE,M,GRP_HIBE,L,L,173.778,KG,10,MINHIBE,,KBEV,KVED
100,30019,20230101,SAP_MIG,20240101,SAP_MIG,HIBE,M,GRP_HIBE,L,L,32.563,KG,10,MINHIBE,,KBEV,KVED
100,30020,20230101,SAP_MIG,20240101,SAP_MIG,HIBE,M,GRP_HIBE,L,L,271.131,KG,10,MINHIBE,,KBEV,KVED
100,30021,20230101,SAP_MIG,20240101,SAP_MIG,HIBE,M,GRP_HIBE,L,L,445.677,KG,10,MINHIBE,,KBEV,KVED
100,30022,20230101,SAP_MIG,20240101,SAP_MIG,HIBE,M,GRP_HIBE,L,L,425.696,KG,10,MINHIBE,,KBEV,KVED
100,30023,20230101,SAP_MIG,20240101,SAP_MIG,HIBE,M,GRP_HIBE,L,L,355.933,KG,10,MINHIBE,,KBEV,KVED
100,30024,20230101,SAP_MIG,20240101,SAP_MIG,HIBE,M,GRP_HIBE,L,L,463.669,KG,10,MINHIBE,,KBEV,KVED
100,30025,20230101,SAP_MIG,20240101,SAP_MIG,HIBE,M,GRP_HIBE,L,L,318.886,KG,10,MINHIBE,,KBEV,KVED
100,30026,20230101,SAP_MIG,20240101,SAP_MIG,HIBE,M,GRP_HIBE,L,L,396.869,KG,10,MINHIBE,,KBEV,KVED
100,30027,20230101,SAP_MIG,20240101,SAP_MIG,HIBE,M,GRP_HIBE,L,L,254.427,KG,10,MINHIBE,,KBEV,KVED
100,30028,20230101,SAP_MIG,20240101,SAP_MIG,HIBE,M,GRP_HIBE,L,L,60.769,KG,10,MINHIBE,,KBEV,KVED
100,30029,20230101,SAP_MIG,20240101,SAP_MIG,HIBE,M,GRP_HIBE,L,L,100.57,KG,10,MINHIBE,,KBEV,KVED
100,30030,20230101,SAP_MIG,20240101,SAP_MIG,HIBE,M,GRP_HIBE,L,L,69.525,KG,10,MINHIBE,,KBEV,KVED
100,30031,20230101,SAP_MIG,20240101,SAP_MIG,HIBE,M,GRP_HIBE,L,L,395.207,KG,10,MINHIBE,,KBEV,KVED
100,30032,20230101,SAP_MIG,20240101,SAP_MIG,HIBE,M,GRP_HIBE,L,L,13.239,KG,10,MINHIBE,,KBEV,KVED
100,30033,20230101,SAP_MIG,20240101,SAP_MIG,HIBE,M,GRP_HIBE,L,L,277.055,KG,10,MINHIBE,,KBEV,KVED
100,30034,20230101,SAP_MIG,20240101,SAP_MIG,HIBE,M,GRP_HIBE,L,L,184.519,KG,10,MINHIBE,,KBEV,KVED
100,30035,20230101,SAP_MIG,20240101,SAP_MIG,HIBE,M,GRP_HIBE,L,L,401.85,KG,10,MINHIBE,,KBEV,KVED
100,30036,20230101,SAP_MIG,20240101,SAP_MIG,HIBE,M,GRP_HIBE,L,L,275.868,KG,10,MINHIBE,,KBEV,KVED
100,30037,20230101,SAP_MIG,20240101,SAP_MIG,HIBE,M,GRP_HIBE,L,L,306.013,KG,10,MINHIBE,,KBEV,KVED
100,30038,20230101,SAP_MIG,20240101,SAP_MIG,HIBE,M,GRP_HIBE,L,L,43.199,KG,10,MINHIBE,,KBEV,KVED
100,30039,20230101,SAP_MIG,20240101,SAP_MIG,HIBE,M,GRP_HIBE,L,L,154.714,KG,10,MINHIBE,,KBEV,KVED
100,30040,20230101,SAP_MIG,20240101,SAP_MIG,HIBE,M,GRP_HIBE,L,L,499.798,KG,10,MINHIBE,,KBEV,KVED
100,30041,20230101,SAP_MIG,20240101,SAP_MIG,HIBE,M,GRP_HIBE,L,L,359.463,KG,10,MINHIBE,,KBEV,KVED
100,30042,20230101,SAP_MIG,20240101,SAP_MIG,HIBE,M,GRP_HIBE,L,L,262.895,KG,10,MINHIBE,,KBEV,KVED
100,30043,20230101,SAP_MIG,20240101,SAP_MIG,HIBE,M,GRP_HIBE,L,L,384.605,KG,10,MINHIBE,,KBEV,KVED
100,30044,20230101,SAP_MIG,20240101,SAP_MIG,HIBE,M,GRP_HIBE,L,L,411.687,KG,10,MINHIBE,,KBEV,KVED
100,30045,20230101,SAP_MIG,20240101,SAP_MIG,HIBE,M,GRP_HIBE,L,L,36.968,KG,10,MINHIBE,,KBEV,KVED
100,30046,20230101,SAP_MIG,20240101,SAP_MIG,HIBE,M,GRP_HIBE,L,L,486.193,KG,10,MINHIBE,,KBEV,KVED
100,30047,20230101,SAP_MIG,20240101,SAP_MIG,HIBE,M,GRP_HIBE,L,L,321.205,KG,10,MINHIBE,,KBEV,KVED
100,30048,20230101,SAP_MIG,20240101,SAP_MIG,HIBE,M,GRP_HIBE,L,L,225.042,KG,10,MINHIBE,,KBEV,KVED
100,30049,20230101,SAP_MIG,20240101,SAP_MIG,HIBE,M,GRP_HIBE,L,L,340.086,KG,10,MINHIBE,,KBEV,KVED
